variant,gene_id,tissue,gain_score,gain_pos,loss_score,loss_pos,pangolin_tissue_score,ref_psi_pangolin,median_n_pangolin,ref_psi,median_n,delta_logit_psi,delta_psi,junction,event_type,splice_site,AbSplice_DNA
chr19:38653012:G>C,ENSG00000105738,Cells_EBV_transformed_lymphocytes,0.0700000002980232,-30,-0.8399999737739563,-1,-0.8399999737739563,1.0,74.5,0.99586444572085,75.0,-3.5809213964393463,-0.256159010866635,chr19:38653011-38655118:+,psi3,chr19:38655118:+,0.5965649764430627
chr2:231108528:T>A,ENSG00000079263,Cells_EBV_transformed_lymphocytes,0.0299999993294477,-13,-0.8199999928474426,-2,-0.8199999928474426,1.0,88.0,0.9984822783680029,88.5,-4.511127469413146,-0.4690142407572564,chr2:231108526-231109702:+,psi3,chr2:231109702:+,0.5140384451112352
chr19:38653012:G>C,ENSG00000105738,Small_Intestine_Terminal_Ileum,0.0700000002980232,-30,-0.8399999737739563,-1,-0.8399999737739563,1.0,47.5,0.9958972144245304,47.5,-3.5809213964393463,-0.256159010866635,chr19:38653011-38655118:+,psi3,chr19:38655118:+,0.4536430646180841
chr19:38653012:G>C,ENSG00000105738,Thyroid,0.0700000002980232,-30,-0.8399999737739563,-1,-0.8399999737739563,1.0,43.5,0.9977713874910136,44.0,-3.5809213964393463,-0.256159010866635,chr19:38653011-38655118:+,psi3,chr19:38655118:+,0.45282323022503007
chr19:38653012:G>C,ENSG00000105738,Colon_Transverse,0.0700000002980232,-30,-0.8399999737739563,-1,-0.8399999737739563,1.0,36.0,0.9966869864829048,36.0,-3.5809213964393463,-0.256159010866635,chr19:38653011-38655118:+,psi3,chr19:38655118:+,0.38287223962000694
chr19:38653012:G>C,ENSG00000105738,Minor_Salivary_Gland,0.0700000002980232,-30,-0.8399999737739563,-1,-0.8399999737739563,1.0,29.0,0.995874161939144,30.0,-3.5809213964393463,-0.256159010866635,chr19:38653011-38655118:+,psi3,chr19:38655118:+,0.2632700947237875
chr19:38653012:G>C,ENSG00000105738,Skin_Not_Sun_Exposed_Suprapubic,0.0700000002980232,-30,-0.8399999737739563,-1,-0.8399999737739563,1.0,27.0,0.994663204961777,27.0,-3.5809213964393463,-0.256159010866635,chr19:38653011-38655118:+,psi3,chr19:38655118:+,0.21987026585487468
chr19:38653012:G>C,ENSG00000105738,Skin_Sun_Exposed_Lower_leg,0.0700000002980232,-30,-0.8399999737739563,-1,-0.8399999737739563,1.0,28.0,0.9955542083459634,28.0,-3.5809213964393463,-0.256159010866635,chr19:38653011-38655118:+,psi3,chr19:38655118:+,0.21987026585487468
chr19:38653012:G>C,ENSG00000105738,Kidney_Cortex,0.0700000002980232,-30,-0.8399999737739563,-1,-0.8399999737739563,1.0,26.5,0.9966480446927374,26.5,-3.5809213964393463,-0.256159010866635,chr19:38653011-38655118:+,psi3,chr19:38655118:+,0.21186075883903213
chr19:38653012:G>C,ENSG00000105738,Brain_Cerebellar_Hemisphere,0.0700000002980232,-30,-0.8399999737739563,-1,-0.8399999737739563,1.0,25.0,1.0,25.0,-3.5809213964393463,-0.256159010866635,chr19:38653011-38655118:+,psi3,chr19:38655118:+,0.2091748437441878
chr2:55771100:T>G,ENSG00000163001,Heart_Left_Ventricle,0.2800000011920929,0,-0.1299999952316284,-26,-0.1299999952316284,1.0,71.0,0.0107960612172262,73.5,1.1861527620964558,0.0237079491018197,chr2:55764721-55771099:+,psi5,chr2:55764721:+,0.20172502808886553
chr19:38653012:G>C,ENSG00000105738,Testis,0.0700000002980232,-30,-0.8399999737739563,-1,-0.8399999737739563,1.0,24.0,1.0,24.0,-3.5809213964393463,-0.256159010866635,chr19:38653011-38655118:+,psi3,chr19:38655118:+,0.19339382637719768
chr19:38653012:G>C,ENSG00000105738,Brain_Cerebellum,0.0700000002980232,-30,-0.8399999737739563,-1,-0.8399999737739563,1.0,23.0,1.0,23.0,-3.5809213964393463,-0.256159010866635,chr19:38653011-38655118:+,psi3,chr19:38655118:+,0.18708889067244544
chr3:101304281:A>C,ENSG00000081154,Cells_EBV_transformed_lymphocytes,0.4900000095367431,3,-0.0299999993294477,0,0.4900000095367431,0.990325417766051,18.0,0.0317361894024802,585.5,1.457944132754918,0.0917197335198811,chr3:101298848-101304283:+,psi5,chr3:101298848:+,0.18639116378675763
chr3:101304281:A>C,ENSG00000081154,Artery_Tibial,0.4900000095367431,3,-0.0299999993294477,0,0.4900000095367431,0.0246421027927716,12.0,0.0324335292143687,408.0,1.457944132754918,0.0934730288836549,chr3:101298848-101304283:+,psi5,chr3:101298848:+,0.16132608887203947
chr3:101304281:A>C,ENSG00000081154,Cells_Cultured_fibroblasts,0.4900000095367431,3,-0.0299999993294477,0,0.4900000095367431,0.968622893666473,11.0,0.0221221028604794,501.0,1.457944132754918,0.066476813435129,chr3:101298848-101304283:+,psi5,chr3:101298848:+,0.15502424787285612
chr2:231108528:T>A,ENSG00000079263,Spleen,0.0299999993294477,-13,-0.8199999928474426,-2,-0.8199999928474426,1.0,25.0,0.993276283618582,25.0,-4.511127469413146,-0.4690142407572564,chr2:231108526-231109702:+,psi3,chr2:231109702:+,0.1500080690449928
chr3:101304281:A>C,ENSG00000081154,Brain_Cortex,0.4900000095367431,3,-0.0299999993294477,0,0.4900000095367431,0.9495798319327732,5.0,0.0288294723951423,177.0,1.457944132754918,0.0843006360032204,chr3:101298848-101304283:+,psi5,chr3:101298848:+,0.14719225528443305
chr3:101304281:A>C,ENSG00000081154,Pancreas,0.4900000095367431,3,-0.0299999993294477,0,0.4900000095367431,0.9728033472803348,2.0,0.0221967635686667,113.5,1.457944132754918,0.066680777282851,chr3:101298848-101304283:+,psi5,chr3:101298848:+,0.14719225528443305
chr3:101304281:A>C,ENSG00000081154,Small_Intestine_Terminal_Ileum,0.4900000095367431,3,-0.0299999993294477,0,0.4900000095367431,0.9846153846153848,4.0,0.0247472794564436,177.5,1.457944132754918,0.0735723022328641,chr3:101298848-101304283:+,psi5,chr3:101298848:+,0.14719225528443305
chr3:101304281:A>C,ENSG00000081154,Brain_Amygdala,0.4900000095367431,3,-0.0299999993294477,0,0.4900000095367431,0.9642857142857144,5.0,0.0272246029745399,214.0,1.457944132754918,0.0801265508500162,chr3:101298848-101304283:+,psi5,chr3:101298848:+,0.14719225528443305
chr3:101304281:A>C,ENSG00000081154,Brain_Hippocampus,0.4900000095367431,3,-0.0299999993294477,0,0.4900000095367431,0.0212765957446808,5.0,0.0267032561085017,206.0,1.457944132754918,0.0787584904744587,chr3:101298848-101304283:+,psi5,chr3:101298848:+,0.14719225528443305
chr3:101304281:A>C,ENSG00000081154,Heart_Left_Ventricle,0.4900000095367431,3,-0.0299999993294477,0,0.4900000095367431,0.976401179941003,4.0,0.0304311850694125,149.0,1.457944132754918,0.0884110934563175,chr3:101298848-101304283:+,psi5,chr3:101298848:+,0.14719225528443305
chr3:101304281:A>C,ENSG00000081154,Stomach,0.4900000095367431,3,-0.0299999993294477,0,0.4900000095367431,0.0231660231660231,4.0,0.0235538728897716,147.0,1.457944132754918,0.0703660471576083,chr3:101298848-101304283:+,psi5,chr3:101298848:+,0.14719225528443305
chr3:101304281:A>C,ENSG00000081154,Brain_Putamen_basal_ganglia,0.4900000095367431,3,-0.0299999993294477,0,0.4900000095367431,0.9589552238805972,5.0,0.0297350457017239,186.0,1.457944132754918,0.0866313494824931,chr3:101298848-101304283:+,psi5,chr3:101298848:+,0.14719225528443305
chr3:101304281:A>C,ENSG00000081154,Spleen,0.4900000095367431,3,-0.0299999993294477,0,0.4900000095367431,1.0,3.0,0.0249829520798462,139.0,1.457944132754918,0.0742016876942908,chr3:101298848-101304283:+,psi5,chr3:101298848:+,0.14719225528443305
chr3:101304281:A>C,ENSG00000081154,Skin_Sun_Exposed_Lower_leg,0.4900000095367431,3,-0.0299999993294477,0,0.4900000095367431,0.9832102081934184,4.0,0.0258917991616999,159.0,1.457944132754918,0.0766172489422545,chr3:101298848-101304283:+,psi5,chr3:101298848:+,0.14719225528443305
chr3:101304281:A>C,ENSG00000081154,Esophagus_Mucosa,0.4900000095367431,3,-0.0299999993294477,0,0.4900000095367431,0.0184804928131416,4.5,0.0241389758610241,203.5,1.457944132754918,0.0719420161895562,chr3:101298848-101304283:+,psi5,chr3:101298848:+,0.14719225528443305
chr3:101304281:A>C,ENSG00000081154,Skin_Not_Sun_Exposed_Suprapubic,0.4900000095367431,3,-0.0299999993294477,0,0.4900000095367431,0.0154405086285195,4.0,0.0265107975250067,170.0,1.457944132754918,0.0782519525129595,chr3:101298848-101304283:+,psi5,chr3:101298848:+,0.14719225528443305
chr3:101304281:A>C,ENSG00000081154,Colon_Transverse,0.4900000095367431,3,-0.0299999993294477,0,0.4900000095367431,0.0270833333333333,5.0,0.0245022167423069,194.0,1.457944132754918,0.0729165204594385,chr3:101298848-101304283:+,psi5,chr3:101298848:+,0.14719225528443305
chr3:101304281:A>C,ENSG00000081154,Adrenal_Gland,0.4900000095367431,3,-0.0299999993294477,0,0.4900000095367431,0.97667638483965,4.0,0.021789326482162,204.5,1.457944132754918,0.0655661529260171,chr3:101298848-101304283:+,psi5,chr3:101298848:+,0.14719225528443305
chr3:101304281:A>C,ENSG00000081154,Pituitary,0.4900000095367431,3,-0.0299999993294477,0,0.4900000095367431,0.978494623655914,5.0,0.0281546961325966,197.5,1.457944132754918,0.0825524370401739,chr3:101298848-101304283:+,psi5,chr3:101298848:+,0.14719225528443305
chr3:101304281:A>C,ENSG00000081154,Testis,0.4900000095367431,3,-0.0299999993294477,0,0.4900000095367431,0.9390243902439024,3.0,0.0286824180502341,99.5,1.457944132754918,0.0839204894748297,chr3:101298848-101304283:+,psi5,chr3:101298848:+,0.14303407591430378
chr3:101304281:A>C,ENSG00000081154,Minor_Salivary_Gland,0.4900000095367431,3,-0.0299999993294477,0,0.4900000095367431,0.0172910662824207,6.0,0.0258627227910504,206.0,1.457944132754918,0.076540253153877,chr3:101298848-101304283:+,psi5,chr3:101298848:+,0.14242139309898438
chr3:101304281:A>C,ENSG00000081154,Brain_Caudate_basal_ganglia,0.4900000095367431,3,-0.0299999993294477,0,0.4900000095367431,0.9539918809201624,6.0,0.0274564785605795,197.0,1.457944132754918,0.0807330992310998,chr3:101298848-101304283:+,psi5,chr3:101298848:+,0.14242139309898438
chr3:101304281:A>C,ENSG00000081154,Brain_Cerebellum,0.4900000095367431,3,-0.0299999993294477,0,0.4900000095367431,0.977886977886978,6.0,0.0314388403965401,203.0,1.457944132754918,0.0909690148665124,chr3:101298848-101304283:+,psi5,chr3:101298848:+,0.14242139309898438
chr3:101304281:A>C,ENSG00000081154,Kidney_Cortex,0.4900000095367431,3,-0.0299999993294477,0,0.4900000095367431,0.9757575757575756,6.0,0.0266688752691734,184.5,1.457944132754918,0.0786680622546838,chr3:101298848-101304283:+,psi5,chr3:101298848:+,0.14242139309898438
chr3:101304281:A>C,ENSG00000081154,Prostate,0.4900000095367431,3,-0.0299999993294477,0,0.4900000095367431,0.9785522788203752,7.0,0.0283649362760335,224.0,1.457944132754918,0.0830981810381337,chr3:101298848-101304283:+,psi5,chr3:101298848:+,0.14242139309898438
chr3:101304281:A>C,ENSG00000081154,Heart_Atrial_Appendage,0.4900000095367431,3,-0.0299999993294477,0,0.4900000095367431,0.0239162929745889,6.0,0.0334443021766965,200.0,1.457944132754918,0.0959963593292103,chr3:101298848-101304283:+,psi5,chr3:101298848:+,0.14242139309898438
chr3:101304281:A>C,ENSG00000081154,Thyroid,0.4900000095367431,3,-0.0299999993294477,0,0.4900000095367431,0.9712897526501768,7.0,0.0283870134899632,251.0,1.457944132754918,0.083155433743306,chr3:101298848-101304283:+,psi5,chr3:101298848:+,0.14239834319757935
chr3:101304281:A>C,ENSG00000081154,Lung,0.4900000095367431,3,-0.0299999993294477,0,0.4900000095367431,0.9826162538026944,7.0,0.0286238764400557,254.5,1.457944132754918,0.0837690250143242,chr3:101298848-101304283:+,psi5,chr3:101298848:+,0.14239834319757935
chr3:101304281:A>C,ENSG00000081154,Brain_Nucleus_accumbens_basal_ganglia,0.4900000095367431,3,-0.0299999993294477,0,0.4900000095367431,0.9600470035252644,6.0,0.0286194696465478,260.0,1.457944132754918,0.0837576203380001,chr3:101298848-101304283:+,psi5,chr3:101298848:+,0.14239834319757935
chr3:101304281:A>C,ENSG00000081154,Adipose_Visceral_Omentum,0.4900000095367431,3,-0.0299999993294477,0,0.4900000095367431,0.0268056589724497,6.0,0.0252980799008981,240.0,1.457944132754918,0.0750413266711554,chr3:101298848-101304283:+,psi5,chr3:101298848:+,0.14239834319757935
chr3:101304281:A>C,ENSG00000081154,Brain_Substantia_nigra,0.4900000095367431,3,-0.0299999993294477,0,0.4900000095367431,0.0261569416498993,7.0,0.0288232491662696,237.5,1.457944132754918,0.0842845579497089,chr3:101298848-101304283:+,psi5,chr3:101298848:+,0.14239834319757935
chr3:101304281:A>C,ENSG00000081154,Muscle_Skeletal,0.4900000095367431,3,-0.0299999993294477,0,0.4900000095367431,0.0132846230488209,7.0,0.0311073417933576,234.0,1.457944132754918,0.0901298812855851,chr3:101298848-101304283:+,psi5,chr3:101298848:+,0.14239834319757935
chr3:101304281:A>C,ENSG00000081154,Liver,0.4900000095367431,3,-0.0299999993294477,0,0.4900000095367431,1.0,2.0,0.0227331438904675,87.0,1.457944132754918,0.0681423505901662,chr3:101298848-101304283:+,psi5,chr3:101298848:+,0.1420573094935837
chr3:101304281:A>C,ENSG00000081154,Brain_Anterior_cingulate_cortex_BA24,0.4900000095367431,3,-0.0299999993294477,0,0.4900000095367431,0.9475982532751092,8.0,0.0299214046054143,255.0,1.457944132754918,0.0871088070731298,chr3:101298848-101304283:+,psi5,chr3:101298848:+,0.14199913815460113
chr3:101304281:A>C,ENSG00000081154,Vagina,0.4900000095367431,3,-0.0299999993294477,0,0.4900000095367431,0.0228494623655914,8.0,0.0314079578347086,243.0,1.457944132754918,0.0908909387474048,chr3:101298848-101304283:+,psi5,chr3:101298848:+,0.14199913815460113
chr3:101304281:A>C,ENSG00000081154,Brain_Hypothalamus,0.4900000095367431,3,-0.0299999993294477,0,0.4900000095367431,0.9602564102564104,8.0,0.0302357500403681,246.0,1.457944132754918,0.0879124894003306,chr3:101298848-101304283:+,psi5,chr3:101298848:+,0.14199913815460113
chr3:101304281:A>C,ENSG00000081154,Brain_Cerebellar_Hemisphere,0.4900000095367431,3,-0.0299999993294477,0,0.4900000095367431,0.9697542533081286,10.0,0.0318593963482797,325.0,1.457944132754918,0.0920302498417738,chr3:101298848-101304283:+,psi5,chr3:101298848:+,0.14199506143186155
chr3:101304281:A>C,ENSG00000081154,Uterus,0.4900000095367431,3,-0.0299999993294477,0,0.4900000095367431,0.0150987224157955,10.0,0.0320302171860245,318.0,1.457944132754918,0.0924602393486138,chr3:101298848-101304283:+,psi5,chr3:101298848:+,0.14199506143186155
chr3:101304281:A>C,ENSG00000081154,Ovary,0.4900000095367431,3,-0.0299999993294477,0,0.4900000095367431,0.0313688212927756,10.0,0.0338661969490511,304.5,1.457944132754918,0.0970433246896947,chr3:101298848-101304283:+,psi5,chr3:101298848:+,0.14199506143186155
chr3:101304281:A>C,ENSG00000081154,Breast_Mammary_Tissue,0.4900000095367431,3,-0.0299999993294477,0,0.4900000095367431,0.9653297076818492,7.0,0.026348994284866,267.0,1.457944132754918,0.0778254657955745,chr3:101298848-101304283:+,psi5,chr3:101298848:+,0.1419907820633253
chr3:101304281:A>C,ENSG00000081154,Adipose_Subcutaneous,0.4900000095367431,3,-0.0299999993294477,0,0.4900000095367431,0.9738771769019248,6.0,0.0237024974066679,279.0,1.457944132754918,0.070767098547466,chr3:101298848-101304283:+,psi5,chr3:101298848:+,0.1419907820633253
chr3:101304281:A>C,ENSG00000081154,Nerve_Tibial,0.4900000095367431,3,-0.0299999993294477,0,0.4900000095367431,0.0229976209357652,8.0,0.0307400568890663,273.5,1.457944132754918,0.0891974473716569,chr3:101298848-101304283:+,psi5,chr3:101298848:+,0.14159253095097088
chr3:101304281:A>C,ENSG00000081154,Artery_Coronary,0.4900000095367431,3,-0.0299999993294477,0,0.4900000095367431,0.9682926829268292,8.0,0.0282709836688188,297.5,1.457944132754918,0.0828544161698354,chr3:101298848-101304283:+,psi5,chr3:101298848:+,0.14159253095097088
chr3:101304281:A>C,ENSG00000081154,Artery_Aorta,0.4900000095367431,3,-0.0299999993294477,0,0.4900000095367431,0.975785677485832,8.0,0.0271237898837142,294.0,1.457944132754918,0.0798624733645132,chr3:101298848-101304283:+,psi5,chr3:101298848:+,0.14159253095097088
chr3:101304281:A>C,ENSG00000081154,Colon_Sigmoid,0.4900000095367431,3,-0.0299999993294477,0,0.4900000095367431,0.9827044025157232,8.0,0.0298357838457131,278.0,1.457944132754918,0.0868895361201551,chr3:101298848-101304283:+,psi5,chr3:101298848:+,0.14159253095097088
chr3:101304281:A>C,ENSG00000081154,Esophagus_Muscularis,0.4900000095367431,3,-0.0299999993294477,0,0.4900000095367431,0.0275572162540868,8.0,0.0269183528347016,293.0,1.457944132754918,0.0793236463040077,chr3:101298848-101304283:+,psi5,chr3:101298848:+,0.14159253095097088
chr3:101304281:A>C,ENSG00000081154,Brain_Frontal_Cortex_BA9,0.4900000095367431,3,-0.0299999993294477,0,0.4900000095367431,0.0513100436681222,8.0,0.0296668032227229,261.0,1.457944132754918,0.0864563241511246,chr3:101298848-101304283:+,psi5,chr3:101298848:+,0.14159253095097088
chr3:101304281:A>C,ENSG00000081154,Brain_Spinal_cord_cervical_c_1,0.4900000095367431,3,-0.0299999993294477,0,0.4900000095367431,0.9738675958188152,7.5,0.0313710084741006,282.0,1.457944132754918,0.0907974983554845,chr3:101298848-101304283:+,psi5,chr3:101298848:+,0.14159253095097088
chr3:101304281:A>C,ENSG00000081154,Esophagus_Gastroesophageal_Junction,0.4900000095367431,3,-0.0299999993294477,0,0.4900000095367431,0.9805084745762712,8.0,0.0285045577728504,282.0,1.457944132754918,0.0834600828863009,chr3:101298848-101304283:+,psi5,chr3:101298848:+,0.14159253095097088
chr3:101304281:A>C,ENSG00000081154,Whole_Blood,0.4900000095367431,3,-0.0299999993294477,0,0.4900000095367431,1.0,1.0,0.0308292119418071,66.0,1.457944132754918,0.089424049802039,chr3:101298848-101304283:+,psi5,chr3:101298848:+,0.13346430838364517
chr19:38653012:G>C,ENSG00000105738,Prostate,0.0700000002980232,-30,-0.8399999737739563,-1,-0.8399999737739563,1.0,20.0,1.0,20.0,-3.5809213964393463,-0.256159010866635,chr19:38653011-38655118:+,psi3,chr19:38655118:+,0.12057067888963865
chr2:55771100:T>G,ENSG00000163001,Muscle_Skeletal,0.2800000011920929,0,-0.1299999952316284,-26,-0.1299999952316284,0.9974630282779532,36.0,0.0124735231819251,38.0,1.1861527620964558,0.0272437221017395,chr2:55764721-55771099:+,psi5,chr2:55764721:+,0.1194897999053171
chr19:38653012:G>C,ENSG00000105738,Lung,0.0700000002980232,-30,-0.8399999737739563,-1,-0.8399999737739563,1.0,19.0,0.9940691927512356,19.0,-3.5809213964393463,-0.256159010866635,chr19:38653011-38655118:+,psi3,chr19:38655118:+,0.11331179250056395
chr19:38653012:G>C,ENSG00000105738,Cells_Cultured_fibroblasts,0.0700000002980232,-30,-0.8399999737739563,-1,-0.8399999737739563,1.0,19.0,0.9961907664177968,19.0,-3.5809213964393463,-0.256159010866635,chr19:38653011-38655118:+,psi3,chr19:38655118:+,0.11331179250056395
chr19:38653012:G>C,ENSG00000105738,Pancreas,0.0700000002980232,-30,-0.8399999737739563,-1,-0.8399999737739563,1.0,17.0,1.0,17.0,-3.5809213964393463,-0.256159010866635,chr19:38653011-38655118:+,psi3,chr19:38655118:+,0.10768855270269108
chr19:38653012:G>C,ENSG00000105738,Spleen,0.0700000002980232,-30,-0.8399999737739563,-1,-0.8399999737739563,1.0,18.0,0.9962174940898344,18.0,-3.5809213964393463,-0.256159010866635,chr19:38653011-38655118:+,psi3,chr19:38655118:+,0.10768855270269108
chr19:38653012:G>C,ENSG00000105738,Stomach,0.0700000002980232,-30,-0.8399999737739563,-1,-0.8399999737739563,1.0,17.0,0.9960773325861586,17.0,-3.5809213964393463,-0.256159010866635,chr19:38653011-38655118:+,psi3,chr19:38655118:+,0.10768855270269108
chr19:38653012:G>C,ENSG00000105738,Brain_Hippocampus,0.0700000002980232,-30,-0.8399999737739563,-1,-0.8399999737739563,1.0,17.0,1.0,17.0,-3.5809213964393463,-0.256159010866635,chr19:38653011-38655118:+,psi3,chr19:38655118:+,0.10768855270269108
chr19:38653012:G>C,ENSG00000105738,Esophagus_Mucosa,0.0700000002980232,-30,-0.8399999737739563,-1,-0.8399999737739563,1.0,16.0,1.0,16.0,-3.5809213964393463,-0.256159010866635,chr19:38653011-38655118:+,psi3,chr19:38655118:+,0.09358656947302046
chr19:38653012:G>C,ENSG00000105738,Brain_Frontal_Cortex_BA9,0.0700000002980232,-30,-0.8399999737739563,-1,-0.8399999737739563,1.0,15.0,1.0,15.0,-3.5809213964393463,-0.256159010866635,chr19:38653011-38655118:+,psi3,chr19:38655118:+,0.07936672044187874
chr2:55771100:T>G,ENSG00000163001,Breast_Mammary_Tissue,0.2800000011920929,0,-0.1299999952316284,-26,0.2800000011920929,0.9441069258809236,3.0,0.0243337195828505,163.0,1.1861527620964558,0.0511673679148995,chr2:55764721-55771099:+,psi5,chr2:55764721:+,0.07703141207852139
chr2:55771100:T>G,ENSG00000163001,Adipose_Subcutaneous,0.2800000011920929,0,-0.1299999952316284,-26,0.2800000011920929,0.038552321007081,3.0,0.0233008175032581,153.0,1.1861527620964558,0.0491567453382725,chr2:55764721-55771099:+,psi5,chr2:55764721:+,0.07703141207852139
chr2:55771100:T>G,ENSG00000163001,Nerve_Tibial,0.2800000011920929,0,-0.1299999952316284,-26,0.2800000011920929,0.0319227913882702,4.0,0.0232736618536829,181.5,1.1861527620964558,0.0491037015731706,chr2:55764721-55771099:+,psi5,chr2:55764721:+,0.07703141207852139
chr2:55771100:T>G,ENSG00000163001,Lung,0.2800000011920929,0,-0.1299999952316284,-26,0.2800000011920929,0.937956204379562,2.0,0.0173363613878083,141.0,1.1861527620964558,0.0372773824489666,chr2:55764721-55771099:+,psi5,chr2:55764721:+,0.0745576160787712
chr2:55771100:T>G,ENSG00000163001,Adipose_Visceral_Omentum,0.2800000011920929,0,-0.1299999952316284,-26,0.2800000011920929,0.0425055928411633,2.0,0.0147296692707437,137.0,1.1861527620964558,0.0319385531880214,chr2:55764721-55771099:+,psi5,chr2:55764721:+,0.0745576160787712
chr2:55771100:T>G,ENSG00000163001,Vagina,0.2800000011920929,0,-0.1299999952316284,-26,0.2800000011920929,0.9572192513368984,2.0,0.0156619126782745,118.0,1.1861527620964558,0.0338583533531235,chr2:55764721-55771099:+,psi5,chr2:55764721:+,0.0745576160787712
chr2:55771100:T>G,ENSG00000163001,Colon_Sigmoid,0.2800000011920929,0,-0.1299999952316284,-26,0.2800000011920929,0.9531914893617022,3.0,0.0151597184623714,204.0,1.1861527620964558,0.032825620623697,chr2:55764721-55771099:+,psi5,chr2:55764721:+,0.0745576160787712
chr2:55771100:T>G,ENSG00000163001,Artery_Aorta,0.2800000011920929,0,-0.1299999952316284,-26,0.2800000011920929,0.0615640599001663,2.0,0.0139121854958066,174.0,1.1861527620964558,0.0302454336584635,chr2:55764721-55771099:+,psi5,chr2:55764721:+,0.0745576160787712
chr2:55771100:T>G,ENSG00000163001,Artery_Tibial,0.2800000011920929,0,-0.1299999952316284,-26,0.2800000011920929,0.9594594594594594,2.0,0.016467041068204,186.5,1.1861527620964558,0.0355069993183472,chr2:55764721-55771099:+,psi5,chr2:55764721:+,0.0745576160787712
chr2:55771100:T>G,ENSG00000163001,Kidney_Cortex,0.2800000011920929,0,-0.1299999952316284,-26,0.2800000011920929,1.0,2.0,0.016669719728888,176.0,1.1861527620964558,0.0359206563460472,chr2:55764721-55771099:+,psi5,chr2:55764721:+,0.0745576160787712
chr2:55771100:T>G,ENSG00000163001,Ovary,0.2800000011920929,0,-0.1299999952316284,-26,0.2800000011920929,0.0359116022099447,3.0,0.0159871736142922,211.5,1.1861527620964558,0.0345254279078192,chr2:55764721-55771099:+,psi5,chr2:55764721:+,0.0745576160787712
chr2:55771100:T>G,ENSG00000163001,Prostate,0.2800000011920929,0,-0.1299999952316284,-26,0.2800000011920929,1.0,3.0,0.0179565918909072,170.0,1.1861527620964558,0.0385343604062901,chr2:55764721-55771099:+,psi5,chr2:55764721:+,0.0745576160787712
chr2:55771100:T>G,ENSG00000163001,Thyroid,0.2800000011920929,0,-0.1299999952316284,-26,0.2800000011920929,0.970472440944882,4.0,0.0199304657179818,230.0,1.1861527620964558,0.0425009527669755,chr2:55764721-55771099:+,psi5,chr2:55764721:+,0.07454459473691419
chr2:55771100:T>G,ENSG00000163001,Skin_Not_Sun_Exposed_Suprapubic,0.2800000011920929,0,-0.1299999952316284,-26,0.2800000011920929,0.9461172741679872,2.0,0.0328310602727672,70.0,1.1861527620964558,0.0672030712016296,chr2:55764721-55771099:+,psi5,chr2:55764721:+,0.07445533807393558
chr2:55771100:T>G,ENSG00000163001,Small_Intestine_Terminal_Ileum,0.2800000011920929,0,-0.1299999952316284,-26,0.2800000011920929,0.0606060606060606,2.0,0.0220930232558139,84.5,1.1861527620964558,0.0467884123555342,chr2:55764721-55771099:+,psi5,chr2:55764721:+,0.07196263357242677
chr2:55771100:T>G,ENSG00000163001,Skin_Sun_Exposed_Lower_leg,0.2800000011920929,0,-0.1299999952316284,-26,0.2800000011920929,1.0,1.0,0.027551812941994,68.0,1.1861527620964558,0.0573453560565738,chr2:55764721-55771099:+,psi5,chr2:55764721:+,0.07127855152773543
chr2:55771100:T>G,ENSG00000163001,Spleen,0.2800000011920929,0,-0.1299999952316284,-26,0.2800000011920929,1.0,1.0,0.027657735522904,71.0,1.1861527620964558,0.0575465028907259,chr2:55764721-55771099:+,psi5,chr2:55764721:+,0.07127855152773543
chr2:55771100:T>G,ENSG00000163001,Pancreas,0.2800000011920929,0,-0.1299999952316284,-26,0.2800000011920929,1.0,1.0,0.0143934201507882,75.0,1.1861527620964558,0.0312432302290672,chr2:55764721-55771099:+,psi5,chr2:55764721:+,0.06918924875734099
chr2:55771100:T>G,ENSG00000163001,Esophagus_Mucosa,0.2800000011920929,0,-0.1299999952316284,-26,0.2800000011920929,1.0,1.0,0.0154111228103761,68.0,1.1861527620964558,0.0333430422717625,chr2:55764721-55771099:+,psi5,chr2:55764721:+,0.06897569690793699
chr2:55771100:T>G,ENSG00000163001,Colon_Transverse,0.2800000011920929,0,-0.1299999952316284,-26,0.2800000011920929,0.0375,1.0,0.015042735042735,96.0,1.1861527620964558,0.0325845642524481,chr2:55764721-55771099:+,psi5,chr2:55764721:+,0.06882297049225204
chr2:55771100:T>G,ENSG00000163001,Minor_Salivary_Gland,0.2800000011920929,0,-0.1299999952316284,-26,0.2800000011920929,1.0,1.0,0.0174418604651162,96.0,1.1861527620964558,0.0374915496399485,chr2:55764721-55771099:+,psi5,chr2:55764721:+,0.06882297049225204
chr2:55771100:T>G,ENSG00000163001,Artery_Coronary,0.2800000011920929,0,-0.1299999952316284,-26,0.2800000011920929,0.9553072625698324,2.0,0.0129820832068023,186.0,1.1861527620964558,0.0283080376451715,chr2:55764721-55771099:+,psi5,chr2:55764721:+,0.06353095623527343
chr2:55771100:T>G,ENSG00000163001,Brain_Amygdala,0.2800000011920929,0,-0.1299999952316284,-26,0.2800000011920929,0.3243243243243243,2.0,0.0029485840653602,219.0,1.1861527620964558,0.0220163933501776,chr2:55762899-55771099:+,psi5,chr2:55762899:+,0.06353095623527343
chr2:55771100:T>G,ENSG00000163001,Brain_Putamen_basal_ganglia,0.2800000011920929,0,-0.1299999952316284,-26,0.2800000011920929,0.7579365079365079,2.0,0.0086136917110128,220.0,1.1861527620964558,0.0220163933501776,chr2:55764721-55771099:+,psi5,chr2:55764721:+,0.06353095623527343
chr2:55771100:T>G,ENSG00000163001,Brain_Cerebellar_Hemisphere,0.2800000011920929,0,-0.1299999952316284,-26,0.2800000011920929,0.1521739130434782,2.0,0.001864056986885,149.0,1.1861527620964558,0.0220163933501776,chr2:55762899-55771099:+,psi5,chr2:55762899:+,0.06353095623527343
chr2:55771100:T>G,ENSG00000163001,Uterus,0.2800000011920929,0,-0.1299999952316284,-26,0.2800000011920929,0.0432900432900432,2.0,0.0006253908692933,193.5,1.1861527620964558,0.0220163933501776,chr2:55762899-55771099:+,psi5,chr2:55762899:+,0.06353095623527343
chr2:55771100:T>G,ENSG00000163001,Esophagus_Gastroesophageal_Junction,0.2800000011920929,0,-0.1299999952316284,-26,0.2800000011920929,1.0,2.0,0.0127909775470205,198.0,1.1861527620964558,0.0279085059950916,chr2:55764721-55771099:+,psi5,chr2:55764721:+,0.06353095623527343
chr2:55771100:T>G,ENSG00000163001,Esophagus_Muscularis,0.2800000011920929,0,-0.1299999952316284,-26,0.2800000011920929,0.0356125356125356,2.0,0.0004975124378109,190.0,1.1861527620964558,0.0220163933501776,chr2:55762899-55771099:+,psi5,chr2:55762899:+,0.06353095623527343
chr2:55771100:T>G,ENSG00000163001,Brain_Anterior_cingulate_cortex_BA24,0.2800000011920929,0,-0.1299999952316284,-26,0.2800000011920929,0.3971291866028708,2.0,0.0031511009870918,255.0,1.1861527620964558,0.0220163933501776,chr2:55762899-55771099:+,psi5,chr2:55762899:+,0.06351972849762967
chr2:55771100:T>G,ENSG00000163001,Brain_Caudate_basal_ganglia,0.2800000011920929,0,-0.1299999952316284,-26,0.2800000011920929,0.6679245283018868,2.0,0.0058792267322128,234.0,1.1861527620964558,0.0220163933501776,chr2:55764721-55771099:+,psi5,chr2:55764721:+,0.06351972849762967
chr2:55771100:T>G,ENSG00000163001,Brain_Hypothalamus,0.2800000011920929,0,-0.1299999952316284,-26,0.2800000011920929,0.1967871485943775,2.0,0.0017467560245258,254.0,1.1861527620964558,0.0220163933501776,chr2:55762899-55771099:+,psi5,chr2:55762899:+,0.06351972849762967
chr2:55771100:T>G,ENSG00000163001,Brain_Frontal_Cortex_BA9,0.2800000011920929,0,-0.1299999952316284,-26,0.2800000011920929,0.3486842105263157,2.0,0.0048731948767668,360.0,1.1861527620964558,0.0220163933501776,chr2:55764721-55771099:+,psi5,chr2:55764721:+,0.06254194306357673
chr2:55771100:T>G,ENSG00000163001,Brain_Cortex,0.2800000011920929,0,-0.1299999952316284,-26,0.2800000011920929,0.3639846743295019,2.0,0.0029583034907981,297.0,1.1861527620964558,0.0220163933501776,chr2:55762899-55771099:+,psi5,chr2:55762899:+,0.06254194306357673
chr2:55771100:T>G,ENSG00000163001,Brain_Nucleus_accumbens_basal_ganglia,0.2800000011920929,0,-0.1299999952316284,-26,0.2800000011920929,0.404040404040404,2.0,0.0053016234349727,314.0,1.1861527620964558,0.0220163933501776,chr2:55764721-55771099:+,psi5,chr2:55764721:+,0.06254194306357673
chr2:55771100:T>G,ENSG00000163001,Pituitary,0.2800000011920929,0,-0.1299999952316284,-26,0.2800000011920929,0.088235294117647,4.0,0.0102013162988772,453.5,1.1861527620964558,0.0224450033801956,chr2:55764721-55771099:+,psi5,chr2:55764721:+,0.06229363343227865
chr2:55771100:T>G,ENSG00000163001,Testis,0.2800000011920929,0,-0.1299999952316284,-26,0.2800000011920929,0.0453108535300316,5.0,0.007499130895426,724.5,1.1861527620964558,0.0220163933501776,chr2:55764721-55771099:+,psi5,chr2:55764721:+,0.060844496585634886
chr2:55771100:T>G,ENSG00000163001,Cells_Cultured_fibroblasts,0.2800000011920929,0,-0.1299999952316284,-26,0.2800000011920929,0.1139240506329113,1.0,0.0009788992821405,124.0,1.1861527620964558,0.0220163933501776,chr2:55762899-55771099:+,psi5,chr2:55762899:+,0.06078966628599199
chr2:55771100:T>G,ENSG00000163001,Brain_Cerebellum,0.2800000011920929,0,-0.1299999952316284,-26,0.2800000011920929,0.1538461538461538,1.0,0.010172402404386,121.0,1.1861527620964558,0.0223834792771162,chr2:55764721-55771099:+,psi5,chr2:55764721:+,0.06078966628599199
chr2:55771100:T>G,ENSG00000163001,Cells_EBV_transformed_lymphocytes,0.2800000011920929,0,-0.1299999952316284,-26,0.2800000011920929,0.0949720670391061,1.0,0.0009718728561628,132.0,1.1861527620964558,0.0220163933501776,chr2:55762899-55771099:+,psi5,chr2:55762899:+,0.06078966628599199
chr2:55771100:T>G,ENSG00000163001,Brain_Hippocampus,0.2800000011920929,0,-0.1299999952316284,-26,0.2800000011920929,0.2746113989637305,1.0,0.0029286622092059,199.0,1.1861527620964558,0.0220163933501776,chr2:55762899-55771099:+,psi5,chr2:55762899:+,0.06078966628599199
chr2:55771100:T>G,ENSG00000163001,Brain_Substantia_nigra,0.2800000011920929,0,-0.1299999952316284,-26,0.2800000011920929,0.8571428571428571,1.0,0.0057026476578411,205.5,1.1861527620964558,0.0220163933501776,chr2:55764721-55771099:+,psi5,chr2:55764721:+,0.06078966628599199
chr2:55771100:T>G,ENSG00000163001,Stomach,0.2800000011920929,0,-0.1299999952316284,-26,0.2800000011920929,0.9442896935933148,1.0,0.0134193650542316,127.0,1.1861527620964558,0.0292203587867834,chr2:55764721-55771099:+,psi5,chr2:55764721:+,0.06078966628599199
chr2:55771100:T>G,ENSG00000163001,Brain_Spinal_cord_cervical_c_1,0.2800000011920929,0,-0.1299999952316284,-26,0.2800000011920929,1.0,1.0,0.0065588499550763,172.5,1.1861527620964558,0.0220163933501776,chr2:55764721-55771099:+,psi5,chr2:55764721:+,0.06078966628599199
chr2:55771100:T>G,ENSG00000163001,Adrenal_Gland,0.2800000011920929,0,-0.1299999952316284,-26,0.2800000011920929,1.0,1.0,0.0090820629257216,142.5,1.1861527620964558,0.0220163933501776,chr2:55764721-55771099:+,psi5,chr2:55764721:+,0.06078966628599199
chr2:55771100:T>G,ENSG00000163001,Liver,0.2800000011920929,0,-0.1299999952316284,-26,-0.1299999952316284,0.9972045743329098,26.0,0.0133398011156924,27.0,1.1861527620964558,0.0290545548079149,chr2:55764721-55771099:+,psi5,chr2:55764721:+,0.05978640763969595
chr2:55771100:T>G,ENSG00000163001,Heart_Atrial_Appendage,0.2800000011920929,0,-0.1299999952316284,-26,0.2800000011920929,1.0,1.0,0.0098714652956298,99.0,1.1861527620964558,0.0220163933501776,chr2:55764721-55771099:+,psi5,chr2:55764721:+,0.05859073754539087
chr19:38653012:G>C,ENSG00000105738,Brain_Anterior_cingulate_cortex_BA24,0.0700000002980232,-30,-0.8399999737739563,-1,-0.8399999737739563,1.0,14.0,1.0,14.0,-3.5809213964393463,-0.256159010866635,chr19:38653011-38655118:+,psi3,chr19:38655118:+,0.05429798396460611
chr19:38653012:G>C,ENSG00000105738,Uterus,0.0700000002980232,-30,-0.8399999737739563,-1,-0.8399999737739563,1.0,14.0,0.9947735191637632,14.0,-3.5809213964393463,-0.256159010866635,chr19:38653011-38655118:+,psi3,chr19:38655118:+,0.05429798396460611
chr19:38653012:G>C,ENSG00000105738,Brain_Cortex,0.0700000002980232,-30,-0.8399999737739563,-1,-0.8399999737739563,1.0,13.0,1.0,13.0,-3.5809213964393463,-0.256159010866635,chr19:38653011-38655118:+,psi3,chr19:38655118:+,0.045512876006764104
chr19:38653012:G>C,ENSG00000105738,Breast_Mammary_Tissue,0.0700000002980232,-30,-0.8399999737739563,-1,-0.8399999737739563,1.0,13.0,1.0,13.0,-3.5809213964393463,-0.256159010866635,chr19:38653011-38655118:+,psi3,chr19:38655118:+,0.045512876006764104
chr19:38653012:G>C,ENSG00000105738,Vagina,0.0700000002980232,-30,-0.8399999737739563,-1,-0.8399999737739563,1.0,13.0,1.0,13.0,-3.5809213964393463,-0.256159010866635,chr19:38653011-38655118:+,psi3,chr19:38655118:+,0.045512876006764104
chr19:38653012:G>C,ENSG00000105738,Ovary,0.0700000002980232,-30,-0.8399999737739563,-1,-0.8399999737739563,1.0,12.0,1.0,12.0,-3.5809213964393463,-0.256159010866635,chr19:38653011-38655118:+,psi3,chr19:38655118:+,0.04495576983962832
chr19:38653012:G>C,ENSG00000105738,Pituitary,0.0700000002980232,-30,-0.8399999737739563,-1,-0.8399999737739563,1.0,12.0,1.0,12.0,-3.5809213964393463,-0.256159010866635,chr19:38653011-38655118:+,psi3,chr19:38655118:+,0.04495576983962832
chr19:38653012:G>C,ENSG00000105738,Brain_Nucleus_accumbens_basal_ganglia,0.0700000002980232,-30,-0.8399999737739563,-1,-0.8399999737739563,1.0,12.0,1.0,12.0,-3.5809213964393463,-0.256159010866635,chr19:38653011-38655118:+,psi3,chr19:38655118:+,0.04495576983962832
chr19:38653012:G>C,ENSG00000105738,Brain_Hypothalamus,0.0700000002980232,-30,-0.8399999737739563,-1,-0.8399999737739563,1.0,12.0,1.0,12.0,-3.5809213964393463,-0.256159010866635,chr19:38653011-38655118:+,psi3,chr19:38655118:+,0.04495576983962832
chr19:38653012:G>C,ENSG00000105738,Brain_Caudate_basal_ganglia,0.0700000002980232,-30,-0.8399999737739563,-1,-0.8399999737739563,1.0,11.0,1.0,11.0,-3.5809213964393463,-0.256159010866635,chr19:38653011-38655118:+,psi3,chr19:38655118:+,0.035062434979708984
chr19:38653012:G>C,ENSG00000105738,Brain_Amygdala,0.0700000002980232,-30,-0.8399999737739563,-1,-0.8399999737739563,1.0,10.0,1.0,10.0,-3.5809213964393463,-0.256159010866635,chr19:38653011-38655118:+,psi3,chr19:38655118:+,0.02997017920957096
chr19:38653012:G>C,ENSG00000105738,Artery_Aorta,0.0700000002980232,-30,-0.8399999737739563,-1,-0.8399999737739563,1.0,9.0,1.0,9.0,-3.5809213964393463,-0.256159010866635,chr19:38653011-38655118:+,psi3,chr19:38655118:+,0.02363884517226864
chr19:38653012:G>C,ENSG00000105738,Adrenal_Gland,0.0700000002980232,-30,-0.8399999737739563,-1,-0.8399999737739563,1.0,9.0,1.0,9.0,-3.5809213964393463,-0.256159010866635,chr19:38653011-38655118:+,psi3,chr19:38655118:+,0.02363884517226864
chr19:38653012:G>C,ENSG00000105738,Nerve_Tibial,0.0700000002980232,-30,-0.8399999737739563,-1,-0.8399999737739563,1.0,9.0,1.0,9.0,-3.5809213964393463,-0.256159010866635,chr19:38653011-38655118:+,psi3,chr19:38655118:+,0.02363884517226864
chr19:38653012:G>C,ENSG00000105738,Brain_Putamen_basal_ganglia,0.0700000002980232,-30,-0.8399999737739563,-1,-0.8399999737739563,1.0,9.0,1.0,9.0,-3.5809213964393463,-0.256159010866635,chr19:38653011-38655118:+,psi3,chr19:38655118:+,0.02363884517226864
chr2:55771100:T>G,ENSG00000163001,Whole_Blood,0.2800000011920929,0,-0.1299999952316284,-26,-0.1299999952316284,1.0,11.0,0.0196425411431605,12.0,1.1861527620964558,0.0419255354684687,chr2:55764721-55771099:+,psi5,chr2:55764721:+,0.01975768457304925
chr2:231108528:T>A,ENSG00000079263,Whole_Blood,0.0299999993294477,-13,-0.8199999928474426,-2,-0.8199999928474426,1.0,9.0,0.9850552306692656,9.0,-4.511127469413146,-0.5650595489303638,chr2:231108526-231109702:+,psi3,chr2:231109702:+,0.015160874262619209
chr19:38653012:G>C,ENSG00000105738,Brain_Spinal_cord_cervical_c_1,0.0700000002980232,-30,-0.8399999737739563,-1,-0.8399999737739563,1.0,8.5,1.0,8.5,-3.5809213964393463,-0.256159010866635,chr19:38653011-38655118:+,psi3,chr19:38655118:+,0.014853420086510291
chr19:38653012:G>C,ENSG00000105738,Brain_Substantia_nigra,0.0700000002980232,-30,-0.8399999737739563,-1,-0.8399999737739563,1.0,8.5,1.0,8.5,-3.5809213964393463,-0.256159010866635,chr19:38653011-38655118:+,psi3,chr19:38655118:+,0.014853420086510291
chr19:38653012:G>C,ENSG00000105738,Artery_Coronary,0.0700000002980232,-30,-0.8399999737739563,-1,-0.8399999737739563,1.0,8.0,1.0,8.0,-3.5809213964393463,-0.256159010866635,chr19:38653011-38655118:+,psi3,chr19:38655118:+,0.013505601495080231
chr19:38653012:G>C,ENSG00000105738,Esophagus_Muscularis,0.0700000002980232,-30,-0.8399999737739563,-1,-0.8399999737739563,1.0,8.0,1.0,8.0,-3.5809213964393463,-0.256159010866635,chr19:38653011-38655118:+,psi3,chr19:38655118:+,0.013505601495080231
chr19:38653012:G>C,ENSG00000105738,Colon_Sigmoid,0.0700000002980232,-30,-0.8399999737739563,-1,-0.8399999737739563,1.0,8.0,1.0,8.0,-3.5809213964393463,-0.256159010866635,chr19:38653011-38655118:+,psi3,chr19:38655118:+,0.013505601495080231
chr19:38653012:G>C,ENSG00000105738,Esophagus_Gastroesophageal_Junction,0.0700000002980232,-30,-0.8399999737739563,-1,-0.8399999737739563,1.0,8.0,1.0,8.0,-3.5809213964393463,-0.256159010866635,chr19:38653011-38655118:+,psi3,chr19:38655118:+,0.013505601495080231
chr19:38653012:G>C,ENSG00000105738,Adipose_Subcutaneous,0.0700000002980232,-30,-0.8399999737739563,-1,-0.8399999737739563,1.0,8.0,0.9916254282451464,8.0,-3.5809213964393463,-0.256159010866635,chr19:38653011-38655118:+,psi3,chr19:38655118:+,0.013505601495080231
chr19:38653012:G>C,ENSG00000105738,Adipose_Visceral_Omentum,0.0700000002980232,-30,-0.8399999737739563,-1,-0.8399999737739563,1.0,8.0,0.9894385769872152,8.0,-3.5809213964393463,-0.2665153771260776,chr19:38653011-38655118:+,psi3,chr19:38655118:+,0.013505601495080231
chr19:38653012:G>C,ENSG00000105738,Artery_Tibial,0.0700000002980232,-30,-0.8399999737739563,-1,-0.8399999737739563,1.0,7.0,1.0,7.0,-3.5809213964393463,-0.256159010866635,chr19:38653011-38655118:+,psi3,chr19:38655118:+,0.013344388978648529
chr19:38653012:G>C,ENSG00000105738,Liver,0.0700000002980232,-30,-0.8399999737739563,-1,-0.8399999737739563,1.0,6.0,1.0,6.0,-3.5809213964393463,-0.256159010866635,chr19:38653011-38655118:+,psi3,chr19:38655118:+,0.01258629490715379
chr19:38653012:G>C,ENSG00000105738,Whole_Blood,0.0700000002980232,-30,-0.8399999737739563,-1,-0.8399999737739563,1.0,4.0,1.0,4.0,-3.5809213964393463,-0.256159010866635,chr19:38653011-38655118:+,psi3,chr19:38655118:+,0.01258629490715379
chr19:38653012:G>C,ENSG00000105738,Heart_Atrial_Appendage,0.0700000002980232,-30,-0.8399999737739563,-1,-0.8399999737739563,1.0,5.0,1.0,5.0,-3.5809213964393463,-0.256159010866635,chr19:38653011-38655118:+,psi3,chr19:38655118:+,0.01258629490715379
chr19:38653012:G>C,ENSG00000105738,Muscle_Skeletal,0.0700000002980232,-30,-0.8399999737739563,-1,-0.8399999737739563,1.0,4.0,1.0,4.0,-3.5809213964393463,-0.256159010866635,chr19:38653011-38655118:+,psi3,chr19:38655118:+,0.01258629490715379
chr19:38653012:G>C,ENSG00000105738,Heart_Left_Ventricle,0.0700000002980232,-30,-0.8399999737739563,-1,-0.8399999737739563,1.0,4.0,1.0,4.0,-3.5809213964393463,-0.256159010866635,chr19:38653011-38655118:+,psi3,chr19:38655118:+,0.01258629490715379
chr2:231108528:T>A,ENSG00000079263,Small_Intestine_Terminal_Ileum,0.0299999993294477,-13,-0.8199999928474426,-2,-0.8199999928474426,1.0,8.0,0.9787472035794184,8.0,-4.511127469413146,-0.6427854810598866,chr2:231108526-231109702:+,psi3,chr2:231109702:+,0.008629753212716806
chr2:231108528:T>A,ENSG00000079263,Testis,0.0299999993294477,-13,-0.8199999928474426,-2,-0.8199999928474426,1.0,2.0,1.0,2.0,-4.511127469413146,-0.4690142407572564,chr2:231108526-231109702:+,psi3,chr2:231109702:+,0.008433184018277421
chr2:231108528:T>A,ENSG00000079263,Minor_Salivary_Gland,0.0299999993294477,-13,-0.8199999928474426,-2,-0.8199999928474426,1.0,1.0,1.0,1.0,-4.511127469413146,-0.4690142407572564,chr2:231108526-231109702:+,psi3,chr2:231109702:+,0.008175123177626397
chr2:231108528:T>A,ENSG00000079263,Colon_Transverse,0.0299999993294477,-13,-0.8199999928474426,-2,-0.8199999928474426,1.0,1.0,1.0,1.0,-4.511127469413146,-0.4690142407572564,chr2:231108526-231109702:+,psi3,chr2:231109702:+,0.008175123177626397
chr2:231108528:T>A,ENSG00000079263,Brain_Hypothalamus,0.0299999993294477,-13,-0.8199999928474426,-2,-0.8199999928474426,1.0,1.0,1.0,1.0,-4.511127469413146,-0.4690142407572564,chr2:231108526-231109702:+,psi3,chr2:231109702:+,0.008175123177626397
chr2:231108528:T>A,ENSG00000079263,Breast_Mammary_Tissue,0.0299999993294477,-13,-0.8199999928474426,-2,-0.8199999928474426,1.0,1.0,1.0,1.0,-4.511127469413146,-0.4690142407572564,chr2:231108526-231109702:+,psi3,chr2:231109702:+,0.008175123177626397
chr2:231108528:T>A,ENSG00000079263,Thyroid,0.0299999993294477,-13,-0.8199999928474426,-2,-0.8199999928474426,1.0,1.0,1.0,1.0,-4.511127469413146,-0.4690142407572564,chr2:231108526-231109702:+,psi3,chr2:231109702:+,0.008175123177626397
chr2:231108528:T>A,ENSG00000079263,Brain_Caudate_basal_ganglia,0.0299999993294477,-13,-0.8199999928474426,-2,-0.8199999928474426,1.0,1.0,1.0,1.0,-4.511127469413146,-0.4690142407572564,chr2:231108526-231109702:+,psi3,chr2:231109702:+,0.008175123177626397
chr2:231108528:T>A,ENSG00000079263,Adrenal_Gland,0.0299999993294477,-13,-0.8199999928474426,-2,-0.8199999928474426,1.0,1.0,1.0,1.0,-4.511127469413146,-0.4690142407572564,chr2:231108526-231109702:+,psi3,chr2:231109702:+,0.008175123177626397
chr2:231108528:T>A,ENSG00000079263,Adipose_Visceral_Omentum,0.0299999993294477,-13,-0.8199999928474426,-2,-0.8199999928474426,1.0,1.0,1.0,1.0,-4.511127469413146,-0.4690142407572564,chr2:231108526-231109702:+,psi3,chr2:231109702:+,0.008175123177626397
chr2:231108528:T>A,ENSG00000079263,Brain_Spinal_cord_cervical_c_1,0.0299999993294477,-13,-0.8199999928474426,-2,-0.8199999928474426,1.0,1.0,1.0,1.0,-4.511127469413146,-0.4690142407572564,chr2:231108526-231109702:+,psi3,chr2:231109702:+,0.008175123177626397
chr2:231108528:T>A,ENSG00000079263,Stomach,0.0299999993294477,-13,-0.8199999928474426,-2,-0.8199999928474426,1.0,1.0,1.0,1.0,-4.511127469413146,-0.4690142407572564,chr2:231108526-231109702:+,psi3,chr2:231109702:+,0.008175123177626397
chr2:231108528:T>A,ENSG00000079263,Lung,0.0299999993294477,-13,-0.8199999928474426,-2,-0.8199999928474426,1.0,3.0,0.970404984423676,4.0,-4.511127469413146,-0.7055762062314382,chr2:231108526-231109702:+,psi3,chr2:231109702:+,0.008039633683749233
chr2:231108528:T>A,ENSG00000079263,Esophagus_Muscularis,0.0299999993294477,-13,-0.8199999928474426,-2,,,,,,,,,,,0.0005810152525517573
chr2:231108528:T>A,ENSG00000079263,Pituitary,0.0299999993294477,-13,-0.8199999928474426,-2,,,,,,,,,,,0.0005810152525517573
chr2:231108528:T>A,ENSG00000079263,Cells_Cultured_fibroblasts,0.0299999993294477,-13,-0.8199999928474426,-2,,,,,,,,,,,0.0005810152525517573
chr2:231108528:T>A,ENSG00000079263,Heart_Atrial_Appendage,0.0299999993294477,-13,-0.8199999928474426,-2,,,,,,,,,,,0.0005810152525517573
chr2:231108528:T>A,ENSG00000079263,Heart_Left_Ventricle,0.0299999993294477,-13,-0.8199999928474426,-2,,,,,,,,,,,0.0005810152525517573
chr2:231108528:T>A,ENSG00000079263,Kidney_Cortex,0.0299999993294477,-13,-0.8199999928474426,-2,,,,,,,,,,,0.0005810152525517573
chr2:231108528:T>A,ENSG00000079263,Liver,0.0299999993294477,-13,-0.8199999928474426,-2,,,,,,,,,,,0.0005810152525517573
chr2:231108528:T>A,ENSG00000079263,Brain_Putamen_basal_ganglia,0.0299999993294477,-13,-0.8199999928474426,-2,,,,,,,,,,,0.0005810152525517573
chr2:231108528:T>A,ENSG00000079263,Brain_Nucleus_accumbens_basal_ganglia,0.0299999993294477,-13,-0.8199999928474426,-2,,,,,,,,,,,0.0005810152525517573
chr2:231108528:T>A,ENSG00000079263,Muscle_Skeletal,0.0299999993294477,-13,-0.8199999928474426,-2,,,,,,,,,,,0.0005810152525517573
chr2:231108528:T>A,ENSG00000079263,Brain_Hippocampus,0.0299999993294477,-13,-0.8199999928474426,-2,,,,,,,,,,,0.0005810152525517573
chr2:231108528:T>A,ENSG00000079263,Ovary,0.0299999993294477,-13,-0.8199999928474426,-2,,,,,,,,,,,0.0005810152525517573
chr2:231108528:T>A,ENSG00000079263,Pancreas,0.0299999993294477,-13,-0.8199999928474426,-2,,,,,,,,,,,0.0005810152525517573
chr2:231108528:T>A,ENSG00000079263,Brain_Cortex,0.0299999993294477,-13,-0.8199999928474426,-2,,,,,,,,,,,0.0005810152525517573
chr2:231108528:T>A,ENSG00000079263,Brain_Frontal_Cortex_BA9,0.0299999993294477,-13,-0.8199999928474426,-2,,,,,,,,,,,0.0005810152525517573
chr2:231108528:T>A,ENSG00000079263,Esophagus_Gastroesophageal_Junction,0.0299999993294477,-13,-0.8199999928474426,-2,,,,,,,,,,,0.0005810152525517573
chr2:231108528:T>A,ENSG00000079263,Skin_Sun_Exposed_Lower_leg,0.0299999993294477,-13,-0.8199999928474426,-2,,,,,,,,,,,0.0005810152525517573
chr2:231108528:T>A,ENSG00000079263,Brain_Cerebellum,0.0299999993294477,-13,-0.8199999928474426,-2,,,,,,,,,,,0.0005810152525517573
chr2:231108528:T>A,ENSG00000079263,Brain_Cerebellar_Hemisphere,0.0299999993294477,-13,-0.8199999928474426,-2,,,,,,,,,,,0.0005810152525517573
chr2:231108528:T>A,ENSG00000079263,Brain_Anterior_cingulate_cortex_BA24,0.0299999993294477,-13,-0.8199999928474426,-2,,,,,,,,,,,0.0005810152525517573
chr2:231108528:T>A,ENSG00000079263,Uterus,0.0299999993294477,-13,-0.8199999928474426,-2,,,,,,,,,,,0.0005810152525517573
chr2:231108528:T>A,ENSG00000079263,Brain_Amygdala,0.0299999993294477,-13,-0.8199999928474426,-2,,,,,,,,,,,0.0005810152525517573
chr2:231108528:T>A,ENSG00000079263,Artery_Tibial,0.0299999993294477,-13,-0.8199999928474426,-2,,,,,,,,,,,0.0005810152525517573
chr2:231108528:T>A,ENSG00000079263,Artery_Aorta,0.0299999993294477,-13,-0.8199999928474426,-2,,,,,,,,,,,0.0005810152525517573
chr2:231108528:T>A,ENSG00000079263,Colon_Sigmoid,0.0299999993294477,-13,-0.8199999928474426,-2,,,,,,,,,,,0.0005810152525517573
chr2:231108528:T>A,ENSG00000079263,Nerve_Tibial,0.0299999993294477,-13,-0.8199999928474426,-2,,,,1.0,1.0,0.66296849294695,0.0048217084228723,chr2:231106202-231108445:+,psi5,chr2:231106202:+,0.00037310158753068613
chr2:231108528:T>A,ENSG00000079263,Prostate,0.0299999993294477,-13,-0.8199999928474426,-2,,,,1.0,1.0,0.66296849294695,0.0048217084228723,chr2:231106202-231108445:+,psi5,chr2:231106202:+,0.00037310158753068613
chr2:231108528:T>A,ENSG00000079263,Skin_Not_Sun_Exposed_Suprapubic,0.0299999993294477,-13,-0.8199999928474426,-2,,,,1.0,1.0,0.66296849294695,0.0048217084228723,chr2:231106202-231108445:+,psi5,chr2:231106202:+,0.00037310158753068613
chr2:231108528:T>A,ENSG00000079263,Esophagus_Mucosa,0.0299999993294477,-13,-0.8199999928474426,-2,,,,1.0,1.0,0.66296849294695,0.0048217084228723,chr2:231106202-231108445:+,psi5,chr2:231106202:+,0.00037310158753068613
chr2:231108528:T>A,ENSG00000079263,Vagina,0.0299999993294477,-13,-0.8199999928474426,-2,,,,1.0,1.0,0.66296849294695,0.0048217084228723,chr2:231106202-231108445:+,psi5,chr2:231106202:+,0.00037310158753068613
chr2:231108528:T>A,ENSG00000079263,Artery_Coronary,0.0299999993294477,-13,-0.8199999928474426,-2,,,,1.0,1.0,0.66296849294695,0.0048217084228723,chr2:231106202-231108445:+,psi5,chr2:231106202:+,0.00037310158753068613
chr2:231108528:T>A,ENSG00000079263,Brain_Substantia_nigra,0.0299999993294477,-13,-0.8199999928474426,-2,,,,1.0,1.0,0.66296849294695,0.0048217084228723,chr2:231106202-231108445:+,psi5,chr2:231106202:+,0.00037310158753068613
chr2:231108528:T>A,ENSG00000079263,Adipose_Subcutaneous,0.0299999993294477,-13,-0.8199999928474426,-2,,,,1.0,1.0,0.66296849294695,0.0048217084228723,chr2:231106202-231108445:+,psi5,chr2:231106202:+,0.00037310158753068613
